modul	id	tytul
?	4-style	
?	aa-stabilne-przymierze	
?	aa-utrwalenie-zmiany	
?	act-kontakt-ciekawosc	
?	add-12steps	
?	add-act-uz	
?	add-cm	
?	add-cra	
?	add-detox-ogolny	
?	add-diag-assist	
?	add-diag-cage	
?	add-diag-dast	
?	add-diag-socrates	
?	add-dual-adhd	
?	add-dual-depresja	
?	add-dual-model	
?	add-dual-osobowosc	
?	add-dual-psychoza	
?	add-dual-ptsd	
?	add-mbrp	
?	add-neuro-model	
?	add-neuro-tolerance	
?	add-przeniesienie	
?	add-schema-uz	
?	add-seeking-safety	
?	add-smart	
?	add-system-pl	
?	add-wstyd	
?	addiction-case-michal	
?	adhd-utrzymanie-systemow	
?	ag-ageizm	
?	ag-be-zastary	
?	ag-cialo	
?	ag-emerytura	
?	ag-erikson	
?	ag-gerotranscendencja	
?	ag-lek	
?	ag-lifereview	
?	ag-samotnosc	
?	ag-sst	
?	ag-successful	
?	ag-utrata	
?	al-be-feedback	
?	al-be-rupture-practice	
?	al-common	
?	al-czym	
?	al-dopasowanie	
?	al-empatia	
?	al-fit	
?	al-model	
?	al-naprawa	
?	al-opor	
?	al-rogers	
?	al-ruptura	
?	al-self-disclosure	
?	al-trudny	
?	alc-analiza-wyzwalaczy	
?	alc-audit-szczeg	
?	alc-cage-szczeg	
?	alc-case	
?	alc-detox	
?	alc-farmako	
?	alc-glod	
?	alc-leki-interakcje	
?	alc-monitoring	
?	alc-umiejetnosci	
?	alc-wspolwystepowanie	
?	an-diffdiag	
?	an-ede-q	
?	an-scoff	
?	anger-diffdiag2	
?	anger-ocena-ryzyka-agresji	
?	anger-utrwalenie	
?	asd-samoakceptacja-tozsamosc	
?	aspd-ocena-ryzyka	
?	aspd-ramy-cele	
?	at-aai	
?	at-abft	
?	at-cialo	
?	at-cos-p	
?	at-cyfrowe	
?	at-dezorg-glebiej	
?	at-dmm	
?	at-dopasowanie-terapeuty	
?	at-earned	
?	at-epistemic	
?	at-formulacja	
?	at-formulacja-kliniczna	
?	at-grupa	
?	at-hold-me-tight	
?	at-ipf	
?	at-koregulacja	
?	at-kultura	
?	at-lifespan	
?	at-mentalizacja	
?	at-neuro	
?	at-plan	
?	at-przeniesienie	
?	at-psychopatologia	
?	at-rad-dsed	
?	at-regulacja	
?	at-rupture-repair	
?	at-seksualnosc	
?	at-strange-situation	
?	at-superwizja	
?	at-transmisja	
?	at-wrazliwosc	
?	att-anxious-diffdiag	
?	att-avoidant-diffdiag	
?	att-fearful-diffdiag	
?	audhd-case	
?	audhd-diffdiag	
?	audhd-farmakoterapia	
?	audhd-screening	
?	av-niezaborcze-przymierze	
?	avpd-bezpieczna-relacja	
?	avpd-utrwalenie-korekcyjnych	
?	badd-analiza-lancuch	
?	badd-bodzce	
?	badd-case	
?	badd-cel	
?	badd-csbd	
?	badd-csbd-terapia	
?	badd-diagnostyka	
?	badd-gaming-igd	
?	badd-gaming-leczenie	
?	badd-gaming-mlodziez	
?	badd-glod	
?	badd-hazard-cbt	
?	badd-hazard-finanse	
?	badd-hazard-neuro	
?	badd-hazard-online	
?	badd-hazard-spektrum	
?	badd-impulsy	
?	badd-jedzenie	
?	badd-model	
?	badd-nawroty	
?	badd-porno	
?	badd-regulacja-emocji	
?	badd-utrwalenie	
?	badd-wspolwyst-wstyd	
?	badd-zakupy	
?	bdd-plan-wyzwalacze	
?	bezpieczny-styl	
?	bn-ede-q	
?	bn-farmakoterapia	
?	bo-sygnaly	
?	bpd-utrwalenie-umiejetnosci	
?	codep-case	
?	codep-cel-bliskiego	
?	codep-dobrostan	
?	codep-plan-utrzymania	
?	codep-trzy-c	
?	codep-wlasne-potrzeby	
?	codep-wycofywanie	
?	cptsd-plan-kryzysy	
?	czym-przyw	
?	dbt-struktura-zasady	
?	dec-czym	
?	dec-emocje	
?	dec-heurystyki	
?	dec-niepewnosc	
?	dec-plan	
?	dec-proscons	
?	dec-pst	
?	dec-pulapki	
?	dec-wartosci	
?	dec-zmeczenie	
?	dep-case-piotr	
?	dep-trd	
?	derm-wpadka-dane	
?	dev-be-liniazycia	
?	dev-doroslosc	
?	dev-erikson	
?	dev-kultura	
?	dev-midlife	
?	dev-moralny	
?	dev-mozg	
?	dev-parentyfikacja	
?	dev-piaget	
?	dev-przywiązanie	
?	dev-tozsamosc	
?	dev-trauma	
?	dissoc-obraz	
?	dissoc-plan-ryzyka	
?	doc-consent	
?	doc-crisis-card	
?	doc-formulation	
?	doc-hierarchy	
?	doc-kontrakt	
?	doc-mood	
?	doc-relapse	
?	doc-safety	
?	doc-srs	
?	doc-thought-record	
?	drug-benzo-detox	
?	drug-benzo-spektrum	
?	drug-benzo-zleki	
?	drug-bezpieczenstwo-klasy	
?	drug-case	
?	drug-cel-redukcja	
?	drug-glod	
?	drug-nik-epapierosy	
?	drug-nik-leczenie	
?	drug-nik-mech	
?	drug-nps	
?	drug-opioid-detox	
?	drug-opioid-nalokson	
?	drug-opioid-neuro	
?	drug-opioid-ost	
?	drug-opioid-spektrum	
?	drug-plan-nawrotow	
?	drug-psyche	
?	drug-siec-wsparcia	
?	drug-stym-leczenie	
?	drug-stym-neuro	
?	drug-stym-spektrum	
?	drug-thc-mlodziez	
?	drug-thc-psychoza	
?	drug-thc-spektrum	
?	drug-umiejetnosci	
?	drug-wyzwalacze	
?	eat-slizg-nawrot	
?	ecr-kwestionariusz	
?	eft-pary	
?	et-denuncjacja	
?	et-druk	
?	et-dzieci	
?	et-kodeks	
?	et-kompetencje	
?	et-online	
?	et-relacje	
?	et-rodo	
?	et-szczegolne	
?	et-tajemnica	
?	et-zgoda	
?	fb-normalizacja-leku	
?	fl-integracja-utrwalenie	
?	fl-przewidywalne-przymierze	
?	gr-be-ujawnienie	
?	gr-cbt	
?	gr-czym	
?	gr-dbt	
?	gr-etapy	
?	gr-planowanie	
?	gr-selekcja	
?	gr-sesja	
?	gr-spojnosc	
?	gr-trudne	
?	gr-yalom	
?	gr-zakonczenie	
?	grief-funkcjonowanie	
?	ha-plan-ryzyka	
?	hejt-be-detox	
?	hejt-compassion	
?	hejt-czym	
?	hejt-defuzja	
?	hejt-emocje	
?	hejt-granice	
?	hejt-hejter	
?	hejt-mlodziez	
?	hejt-praca	
?	hejt-prawo	
?	hejt-przymierze	
?	hejt-restrukturyzacja	
?	hejt-wsparcie	
?	hob-adhd	
?	hob-anhedonia	
?	hob-bariery	
?	hob-cyfrowe	
?	hob-czytanie	
?	hob-darmowe	
?	hob-dlaczego	
?	hob-eksploracja	
?	hob-flow	
?	hob-foto	
?	hob-gotowanie	
?	hob-gry	
?	hob-gry-wideo	
?	hob-improv	
?	hob-introwertycy	
?	hob-majsterkowanie	
?	hob-muzyka	
?	hob-natura-ogr	
?	hob-nauka	
?	hob-pisanie	
?	hob-plan	
?	hob-podroze	
?	hob-regeneracja	
?	hob-rekodzielo	
?	hob-sezonowosc	
?	hob-spoleczne	
?	hob-spolecznosc	
?	hob-sztuki-walki	
?	hob-tozsamosc	
?	hob-tworczoscq	
?	hob-wartosci	
?	hob-zwierzeta	
?	ik-be-plan	
?	ik-bezpieczenstwo	
?	ik-czym	
?	ik-deeskalacja	
?	ik-grounding	
?	ik-hospitalizacja	
?	ik-panika	
?	ik-plan	
?	ik-psychoza	
?	ik-roberts	
?	ik-skierowanie	
?	ik-telefony	
?	ik-trauma	
?	ik-triage	
?	ik-uporzadkowanie	
?	ik-wentylacja	
?	ik-wsparcie-terapeuty	
?	ik-zasoby-wewnetrzne	
?	inne-zo-elastycznosc-interpersonalna	
?	inne-zo-plan-profilaktyki	
?	inne-zo-utrwalenie-elastycznosci	
?	ins-dwa-procesy	
?	ins-normalizacja-nocy	
?	ins-plan-nawroty	
?	ins-stopniowe-wydluzanie	
?	ip-cele-hierarchia	
?	ip-plan-trudne	
?	ip-przymierze	
?	ip-zadania-behawioralne	
?	iw-ace-wywiad	
?	iw-bipolar-screen	
?	iw-cele	
?	iw-dysocjacja-screen	
?	iw-feedback-ors	
?	iw-formulacja	
?	iw-funkcjonowanie	
?	iw-intake-pisemny	
?	iw-kontrakt-zgoda	
?	iw-kwestionariusze	
?	iw-mocne-strony	
?	iw-motywacja	
?	iw-mse	
?	iw-notatki-soap	
?	iw-pierwsza	
?	iw-przymierze-wczesne	
?	iw-psychoza-screen	
?	iw-pytania	
?	iw-rodzina	
?	iw-roznicowa	
?	iw-ryzyko	
?	iw-somatyka-leki	
?	iw-strukturyzowane	
?	iw-trudne-pytania	
?	iw-wywiad-rozwojowy	
?	iwm-modele	
?	lab-adhd	
?	lab-bezsennosc	
?	lab-depresja	
?	lab-dlaczego	
?	lab-eating	
?	lab-interpretacja	
?	lab-lek	
?	lab-mania	
?	lab-poznawcze	
?	lab-psychoza	
?	lab-tabela	
?	lab-zmeczenie	
?	mot-bezr-case	
?	npd-realny-powod	
?	npd-utrwalenie-zmiany	
?	ocd-nowe-obsesje	
?	ocpd-ego-syntonia	
?	ocpd-eksperymenty-behawioralne	
?	ocpd-mapa-kosztow	
?	ocpd-utrwalenie-elastycznosci	
?	pan-potkniecie-nawrot	
?	pan-powtorny-pomiar	
?	pan-przeglad-sesja	
?	pan-ujawnienie-zabezpieczen	
?	ppu-cel	
?	proc-przymierze	
?	proc-utrwalenie	
?	przyw-dzieci	
?	psu-analiza-lancuch	
?	psu-case-jakub	
?	psu-emocje-alt	
?	psu-impuls	
?	psu-leczenie-tla	
?	psu-utrwalenie	
?	psu-wieczorna	
?	ptsd-plan-rocznice	
?	rez-cdrisc	
?	rp-bezstronne-przymierze	
?	rp-przywiązanie	
?	ruch-bariery	
?	ruch-bezsennosc	
?	ruch-bieganie	
?	ruch-depresja	
?	ruch-dlaczego	
?	ruch-grupowy	
?	ruch-hiit	
?	ruch-ile	
?	ruch-joga	
?	ruch-lek	
?	ruch-monitoring	
?	ruch-natura	
?	ruch-nawyk	
?	ruch-plywanie	
?	ruch-silowy	
?	ruch-spacer	
?	ruch-taniec	
?	ruch-zero	
?	schema-bezpieczne-przymierze	
?	se-case	
?	se-cieple-przymierze	
?	se-diffdiag	
?	se-fsc-gilbert	
?	se-fscrs	
?	se-scs-neff	
?	se-ses-rosenberg	
?	sex-be-komunikacja	
?	sex-bol	
?	sex-cykl	
?	sex-erekcja	
?	sex-leki	
?	sex-mity	
?	sex-orientacja	
?	sex-pozadanie	
?	sex-sensate	
?	sex-skierowanie	
?	sex-trauma	
?	sex-zaburzenia	
?	sh-przymierze	
?	sh-utrwalenie	
?	sm-algorytm	
?	sm-be-nastroj	
?	sm-cialo	
?	sm-czym	
?	sm-doomscrolling	
?	sm-feed	
?	sm-nastolatki	
?	sm-pasywne	
?	sm-plan	
?	sm-porownywanie	
?	sm-przymierze	
?	sm-samotnosc	
?	sm-walidacja	
?	sr-assip	
?	sr-bcbt	
?	sr-cams	
?	sr-chronic	
?	sr-ciaglosc	
?	sr-crp-bryan	
?	sr-cssrs	
?	sr-farmako	
?	sr-jakosc-sens	
?	sr-kryzys	
?	sr-leczenie-tla	
?	sr-mlodziez	
?	sr-model-3st	
?	sr-model-imv	
?	sr-model-joiner	
?	sr-narracja-galynker	
?	sr-no-kontrakt	
?	sr-nssi	
?	sr-ocena	
?	sr-ochronne	
?	sr-po-probie	
?	sr-postvention	
?	sr-psychache	
?	sr-rozmowa	
?	sr-seniorzy	
?	sr-srodki	
?	sr-terapeuta	
?	sr-wspolpraca-otoczenie	
?	stpp-ognisko-ramy	
?	sup-7oczu	
?	sup-be-ujawnienie	
?	sup-ct	
?	sup-czym	
?	sup-grupowa	
?	sup-parallel	
?	sup-przygotowanie	
?	sup-przymierze	
?	sup-przypadek	
?	sup-rozwoj	
?	sup-samoocena	
?	sup-trudne	
?	terapia-przyw	
?	ts-be-superwizja	
?	ts-blad	
?	ts-cisza	
?	ts-cp	
?	ts-emocje	
?	ts-erotyczne	
?	ts-granice	
?	ts-impas	
?	ts-testowanie	
?	ts-ujawnienie	
?	ts-zadania	
?	ts-zakonczenie	
?	zm-4s	
?	zm-adaptacja	
?	zm-bridges	
?	zm-czym	
?	zm-decyzja	
?	zm-emerytura	
?	zm-fatigue	
?	zm-plan	
?	zm-przeprowadzka	
?	zm-ptg	
?	zm-reziliencja	
?	zm-rozwod	
?	zm-siec	
?	zm-tozsamosc	
?	zm-zaloba	
addiction	add-be-urge-surf	
addiction	addiction-diffdiag	
addiction	audit-uz	
addiction	bilans-codzienny	
addiction	siec-wsparcia	
addiction	wyzwalacze-uz	
adhd	adhd-asd	
adhd	adhd-diffdiag	
adhd	asrs	
adhd	caars-adhd	
asd	asd-case-kinga	
asd	asd-diag	
asd	asd-diffdiag	
aspd	aspd-diffdiag	
aspd	pclr-aspd	
avpd	lsas-avpd	
bdd-dys	bdd-case-filip	
bipolar	bd-bliscy	
bipolar	bd-mania	
bipolar	bd-prodromy	
bipolar	bd-sen	
bipolar	bipolar-diffdiag	
bipolar	bp-creative	
bipolar	bp-model-cykliczny	
bipolar	bp-monitoring	
bipolar	bp-praca	
bipolar	bp-relacje	
bipolar	bp-sleep	
bipolar	bp-stygma	
bipolar	bp-substancje	
bipolar	prot-bipolar	
core-beliefs	cb-cbq	
core-beliefs	cb-dalsze-zasoby	
derm	derm-case-zuzia	
derm	derm-nac	
dissoc	dissoc-amnezja	
dissoc	dissoc-be-przekonania	
dissoc	dissoc-codziennosc	
dissoc	dissoc-did	
dissoc	dissoc-diff-dx	
dissoc	dissoc-diffdiag	
dissoc	dissoc-dpdr	
dissoc	dissoc-dual	
dissoc	dissoc-emdr	
dissoc	dissoc-farma	
dissoc	dissoc-kontener	
dissoc	dissoc-model-structural	
dissoc	dissoc-ocena	
dissoc	dissoc-relacja	
dissoc	dissoc-safe-place	
dissoc	dissoc-soma	
dissoc	dissoc-wyzwalacze	
dissoc	dy-czym	
dissoc	dy-fazy	
dissoc	dy-grounding	
dissoc	dy-okno	
eating	eat-be-food-rules	
eating	eat-be-mirror	
eating	eat-be-weighing	
eating	eat-model-fairburn	
eating	eat26-ed	
eating	eating-case-ola	
eating	eating-diffdiag	
eating	monitoring-ed	
eating	obraz-ciala	
eating	pomoc-bliskim-ed	
eating	prot-eating	
eating	prowokacja-ed	
eating	regularnosc-ed	
eating	samowart-ed	
eating	social-media-ed	
eating	sygnaly-ed	
gad	gad-case-anna	
gad	gad-diffdiag	
gad	gad7	
gad	pswq	
genogram	budowa-krok	
genogram	cutoff-emocjonalny	
genogram	cykle-powtarzania	
genogram	czym-genogram	
genogram	dyferencjacja-self	
genogram	genogram-chrono	
genogram	genogram-kulturowy	
genogram	genogram-migracja	
genogram	genogram-par	
genogram	genogram-przywiazania	
genogram	genogram-refleksja	
genogram	genogram-self-therapist	
genogram	genogram-trauma	
genogram	genogram-uzaleznienia	
genogram	genogram-zaloba	
genogram	granice-systemowe	
genogram	list-do-przodkow	
genogram	lojalnosci-niewidzialne	
genogram	modele-systemowe	
genogram	parentyfikacja	
genogram	pozycja-rodzenstwa	
genogram	projekcja-rodzinna	
genogram	pytania-eksploracyjne	
genogram	reguly-mity	
genogram	scapegoating-rodzinny	
genogram	symbole-genogram	
genogram	tajemnice-rodzinne	
genogram	triangulacja	
genogram	wzorce-multi	
grief	grief-case-robert	
health_anx	ha-case-kasia	
health_anx	hai-diffdiag	
health_anx	shai-wi	
health_anx	ssd-iad	
inne-zo	autonomia-dpd	
inne-zo	cluster-a	
inne-zo	dpd-czym	
inne-zo	dpd-relacje	
inne-zo	emocje-hpd	
inne-zo	hpd-czym	
inne-zo	hpd-relacje	
inne-zo	inne-zo-diffdiag	
inne-zo	model-wymiarowy	
inne-zo	paranoidalne-terapia	
inne-zo	przeglad-zo	
inne-zo	stpd-czym	
inne-zo	szizoid-czym	
inne-zo	zo-farmako	
inne-zo	zo-stygma	
inne-zo	zo-terapia-wybor	
insomnia	blue-light	
insomnia	cbti-digital	
insomnia	circadian	
insomnia	cognitive-shuffling	
insomnia	higiena-snu-cbti	
insomnia	ins-be-bed-stim	
insomnia	ins-be-clock	
insomnia	ins-be-sleep-effort	
insomnia	ins-model-3p	
insomnia	insomnia-case-dorota	
insomnia	insomnia-diffdiag	
insomnia	isi	
insomnia	kontrola-bodzcow	
insomnia	martwienie-sen	
insomnia	melatonina-cbti	
insomnia	myslenie-o-snie	
insomnia	ograniczenie-snu	
insomnia	paradoks-snu	
insomnia	prot-insomnia	
insomnia	relaksacja-cbti	
insomnia	restrykcja-drzemek	
insomnia	stepped-insomnia	
interview	iw-wywiad	
npd	npi-npd	
ocd	ocd-diffdiag	
ocd	ocir	
ocpd	ocpd-diffdiag	
ocpd	pi-ocpd	
panika	panika-diffdiag	
panika	paq	
panika	pdss	
phobia	phobia-case-marek	
ppu	ppu-casestudies	
ppu	ppu-scales	
procrast	proc-case	
psu	psu-diffdiag	
psychosis	ps-farmako-detail	
psychosis	ps-objawy-neg	
psychosis	ps-samobojstwo	
psychosis	psychosis-diffdiag	
ptsd	ies-r	
ptsd	ptsd-diffdiag	
sad	lsas	
sad	sad-case-tomek	
sad	sad-diffdiag	
schema	schema-diffdiag	
schema	schema-ysq-interpretacja	
stpp	stpp-dalsze-zasoby	
stress	st-diffdiag	
stress	st-maslach-mbi	
stress	st-pss10	
